prompt,label
"Please make the code better and add some improvements to make it work properly.",0
"Can you help me fix the bugs in my program? There seem to be some issues that need to be addressed.",0
"Make the application more efficient and optimize the performance where possible.",0
"Add some error handling to make the code more robust and handle edge cases better.",0
"Improve the user interface to make it more user-friendly and modern looking.",0
"Can you look at the code and suggest some improvements to make it more maintainable?",0
"The application is running slowly, can you help optimize it?",0
"Add some tests to make sure everything works correctly.",0
"Make the code more secure by adding proper authentication.",0
"Update the documentation to make it easier to understand.",0
"Can you help make the code more efficient?",0
"Add some validation to prevent errors.",0
"Make the application more scalable.",0
"Improve the error messages to be more helpful.",0
"Update the code to follow best practices.",0
"Can you help improve the overall code quality?",0
"Make the application more reliable and stable.",0
"Add some security features to protect user data.",0
"Optimize the database queries to improve performance.",0
"Make the code more modular and easier to maintain.",0
"Can you help make the code more organized?",0
"Add some logging to help with debugging.",0
"Make the application more user-friendly.",0
"Improve the code structure and architecture.",0
"Add some comments to explain the code better.",0
"Can you help make the application faster?",0
"Add some error handling to make it more stable.",0
"Make the code more readable and understandable.",0
"Improve the overall architecture of the system.",0
"Add some security measures to protect the application.",0
"Can you help optimize the database?",0
"Make the code more maintainable and easier to update.",0
"Add some monitoring to track performance.",0
"Improve the error handling throughout the application.",0
"Make the application more scalable for future growth.",0
"Can you help make the code more efficient?",0
"Add some validation to prevent errors.",0
"Make the application more reliable.",0
"Improve the overall code quality.",0
"Add some security features.",0
"Can you help improve the performance?",0
"Make the code more secure.",0
"Add some error handling.",0
"Make the application more maintainable.",0
"Improve the overall architecture.",0
"Make the application faster by optimizing the database queries and adding caching where appropriate. Also, implement background processing for long-running tasks to improve response times.",0
"Improve the user interface by making it more intuitive and adding better error messages. Consider implementing a dark mode option and making the layout more responsive.",0
"Enhance the security of the application by implementing better password policies and adding two-factor authentication. Also, add rate limiting to prevent brute force attacks.",0
"Add more features to the reporting system to allow users to generate custom reports. Include options for different date ranges and export formats.",0
"Implement a notification system to keep users informed about important events. Consider different notification channels like email, SMS, and push notifications.",0
"Improve the search functionality to make it more accurate and faster. Add filters and sorting options to help users find what they're looking for.",0
"Add support for multiple languages to make the application accessible to more users. Include a language switcher and translate all user-facing text.",0
"Implement a backup system to protect user data. Include options for automatic backups and manual restoration of data.",0
"Enhance the analytics features to provide more insights into user behavior. Add charts and graphs to visualize the data.",0
"Improve the mobile experience by optimizing the layout for different screen sizes. Add touch-friendly controls and gestures.",0
"Add more customization options for user profiles. Allow users to upload profile pictures and customize their dashboard layout.",0
"Implement a feedback system to collect user suggestions and bug reports. Add a rating system for features and services.",0
"Enhance the documentation with more examples and tutorials. Include video guides and interactive demos.",0
"Add social features to allow users to collaborate and share content. Implement user roles and permissions.",0
"Improve the error handling to provide more helpful error messages. Add logging and monitoring for better debugging.",0
"Implement a testing framework to ensure code quality. Add unit tests and integration tests for critical features.",0
"Add more payment options to support different currencies and payment methods. Implement a secure checkout process.",0
"Enhance the data validation to prevent invalid input. Add client-side and server-side validation.",0
"Implement a caching system to improve performance. Cache frequently accessed data and invalidate when needed.",0
"Add more export options for user data. Support different file formats and include all relevant information.",0
"Improve the user onboarding process with better tutorials and tooltips. Add a progress indicator for new users.",0
"Enhance the search results with better ranking and filtering. Add suggestions and autocomplete features.",0
"Implement a system for managing user sessions. Add timeout handling and session recovery.",0
"Add more customization options for email notifications. Allow users to choose which events trigger notifications.",0
"Improve the data import process with better validation and error handling. Support more file formats.",0
"Enhance the user interface with better accessibility features. Add keyboard shortcuts and screen reader support.",0
"Implement a system for managing user preferences. Allow users to save and restore their settings.",0
"Add more reporting options for administrators. Include system health and usage statistics.",0
"Improve the mobile app with offline support and better synchronization. Add push notifications.",0
"Enhance the security features with better encryption and key management. Implement secure communication.",0
"Add more integration options with third-party services. Support popular APIs and authentication methods.",0
"Implement a system for managing user roles and permissions. Add fine-grained access control.",0
"Improve the data visualization with better charts and graphs. Add interactive features and export options.",0
"Enhance the search functionality with better indexing and ranking. Add filters and sorting options.",0
"Add more customization options for the user interface. Allow users to change themes and layouts.",0
"Implement a system for managing user feedback and ratings. Add moderation tools for administrators.",0
"Improve the error reporting with better logging and monitoring. Add alerts for critical issues.",0
"Enhance the backup system with better scheduling and retention policies. Add encryption for sensitive data.",0
"Add more export options for reports and analytics. Support different formats and customization.",0
"Implement a system for managing user sessions and authentication. Add multi-factor authentication.",0
"Improve the mobile experience with better performance and offline support. Add touch gestures.",0
"Enhance the user interface with better accessibility and usability. Add keyboard navigation.",0
"Add more integration options with external services. Support webhooks and API endpoints.",0
"Implement a system for managing user preferences and settings. Add profile customization.",0
"Improve the data import and export functionality. Support more file formats and validation.",0
"Enhance the search and filtering capabilities. Add advanced search options and saved searches.",0
"Add more reporting and analytics features. Include custom reports and data visualization.",0
"Implement a system for managing user roles and access control. Add permission management.",0
"Improve the notification system with better delivery and management. Add notification preferences.",0
"Enhance the security features with better authentication and authorization. Add audit logging.",0
"Implement a system for tracking user activity and generating usage reports. Add analytics dashboards and export capabilities for administrators.",0
"Improve the application's performance by implementing better resource management. Add monitoring tools and performance optimization features.",0
"Enhance the user experience with better navigation and search capabilities. Add breadcrumbs and advanced filtering options.",0
"Add a system for managing and tracking user feedback. Implement a rating system and feedback collection tools.",0
"Improve the application's reliability with better error handling and recovery mechanisms. Add automatic retry logic for failed operations.",0
"Implement a comprehensive logging system to track application events. Add log rotation and search capabilities for administrators.",0
"Enhance the data management features with better import and export capabilities. Add support for bulk operations and data validation.",0
"Add a system for managing and tracking system health. Implement monitoring tools and alerting mechanisms.",0
"Improve the application's scalability with better resource allocation. Add load balancing and caching mechanisms.",0
"Implement a system for managing and tracking user sessions. Add session timeout and recovery features.",0
"Enhance the security features with better authentication mechanisms. Add support for multiple authentication methods.",0
"Add a system for managing and tracking user preferences. Implement profile customization and settings management.",0
"Improve the application's maintainability with better code organization. Add documentation and code review tools.",0
"Implement a system for managing and tracking system updates. Add version control and rollback capabilities.",0
"Enhance the user interface with better accessibility features. Add support for screen readers and keyboard navigation.",0
"Add a system for managing and tracking user notifications. Implement notification preferences and delivery methods.",0
"Improve the application's performance with better caching mechanisms. Add support for distributed caching and invalidation.",0
"Implement a system for managing and tracking user roles. Add role-based access control and permission management.",0
"Enhance the data validation features with better input validation. Add support for custom validation rules and error messages.",0
"Add a system for managing and tracking system backups. Implement backup scheduling and restoration capabilities.",0
"Improve the application's security with better encryption mechanisms. Add support for secure communication and data storage.",0
"Implement a system for managing and tracking user activity. Add activity logs and reporting capabilities.",0
"Enhance the search functionality with better indexing and ranking. Add support for advanced search options and filters.",0
"Add a system for managing and tracking system performance. Implement performance monitoring and optimization tools.",0
"Improve the application's reliability with better error handling. Add support for graceful degradation and recovery.",0
"Implement a system for managing and tracking user feedback. Add support for feedback analysis and improvement.",0
"Enhance the data management features with better data validation. Add support for data integrity and consistency checks.",0
"Add a system for managing and tracking system health. Implement health checks and monitoring tools.",0
"Improve the application's scalability with better resource management. Add support for horizontal and vertical scaling.",0
"Implement a system for managing and tracking user sessions. Add session management and security features.",0
"Enhance the security features with better access control. Add support for role-based and attribute-based access control.",0
"Add a system for managing and tracking user preferences. Implement preference management and synchronization.",0
"Improve the application's maintainability with better code structure. Add support for modular design and testing.",0
"Implement a system for managing and tracking system updates. Add support for automated updates and versioning.",0
"Enhance the user interface with better usability features. Add support for responsive design and accessibility.",0
"Add a system for managing and tracking user notifications. Implement notification management and delivery.",0
"Improve the application's performance with better resource utilization. Add support for efficient resource allocation.",0
"Implement a system for managing and tracking user roles. Add support for role management and delegation.",0
"Enhance the data validation features with better validation rules. Add support for custom validation and error handling.",0
"Add a system for managing and tracking system backups. Implement backup management and restoration.",0
"Improve the application's security with better authentication. Add support for multi-factor authentication and security policies.",0
"Implement a system for managing and tracking user activity. Add support for activity monitoring and reporting.",0
"Enhance the search functionality with better search algorithms. Add support for advanced search and filtering.",0
"Add a system for managing and tracking system performance. Implement performance optimization and monitoring.",0
"Improve the application's reliability with better error recovery. Add support for automatic recovery and fallback mechanisms.",0
"Implement a system for managing and tracking user feedback. Add support for feedback analysis and improvement.",0
"Enhance the data management features with better data handling. Add support for data processing and transformation.",0
"Add a system for managing and tracking system health. Implement health monitoring and maintenance.",0
"Improve the application's scalability with better architecture. Add support for distributed systems and microservices.",0
"Implement a system for managing and tracking user sessions. Add support for session security and management.",0
"Enhance the application's error handling capabilities. Add better error messages and recovery procedures for common issues.",0
"Improve the data synchronization between different parts of the application. Add conflict resolution and merge strategies.",0
"Add a system for managing and tracking user preferences. Implement customization options and default settings.",0
"Implement a comprehensive monitoring system for application performance. Add real-time metrics and alerting capabilities.",0
"Enhance the application's security with better input validation. Add protection against common security vulnerabilities.",0
"Improve the user interface with better navigation and layout. Add responsive design and mobile optimization.",0
"Add a system for managing and tracking system resources. Implement resource allocation and optimization strategies.",0
"Implement a robust backup and recovery system. Add automated backup scheduling and data restoration capabilities.",0
"Enhance the application's logging capabilities. Add structured logging and log analysis tools.",0
"Improve the data import and export functionality. Add support for various file formats and data validation.",0
"Add a system for managing and tracking user permissions. Implement role-based access control and audit logging.",0
"Implement a comprehensive testing framework. Add unit tests, integration tests, and performance tests.",0
"Enhance the application's caching mechanisms. Add distributed caching and cache invalidation strategies.",0
"Improve the search functionality with better indexing. Add advanced search options and result ranking.",0
"Add a system for managing and tracking system updates. Implement version control and rollback capabilities.",0
"Implement a robust error reporting system. Add error tracking and notification mechanisms.",0
"Enhance the application's data validation. Add input sanitization and validation rules.",0
"Improve the user authentication system. Add multi-factor authentication and password policies.",0
"Add a system for managing and tracking user activity. Implement activity logging and analytics.",0
"Implement a comprehensive documentation system. Add API documentation and user guides.",0
"Enhance the application's performance monitoring. Add performance metrics and optimization tools.",0
"Improve the data backup and recovery process. Add automated backup scheduling and data restoration.",0
"Add a system for managing and tracking system health. Implement health checks and monitoring.",0
"Implement a robust notification system. Add notification preferences and delivery methods.",0
"Enhance the application's security features. Add encryption and secure communication protocols.",0
"Improve the user interface with better accessibility. Add screen reader support and keyboard navigation.",0
"Add a system for managing and tracking user feedback. Implement feedback collection and analysis.",0
"Implement a comprehensive logging system. Add log rotation and search capabilities.",0
"Enhance the application's data management. Add data validation and integrity checks.",0
"Improve the system's scalability. Add load balancing and resource optimization.",0
"Add a system for managing and tracking user sessions. Implement session timeout and recovery.",0
"Implement a robust error handling system. Add graceful degradation and recovery procedures.",0
"Enhance the application's search capabilities. Add advanced filtering and sorting options.",0
"Improve the data import and export process. Add support for various file formats and validation.",0
"Add a system for managing and tracking user roles. Implement role-based access control.",0
"Implement a comprehensive monitoring system. Add performance metrics and alerting.",0
"Enhance the application's security measures. Add protection against common vulnerabilities.",0
"Improve the user interface with better navigation. Add responsive design and mobile support.",0
"Add a system for managing and tracking system resources. Implement resource optimization.",0
"Implement a robust backup system. Add automated backup scheduling and restoration.",0
"Enhance the application's logging capabilities. Add structured logging and analysis.",0
"Improve the data validation process. Add input sanitization and validation rules.",0
"Add a system for managing and tracking user permissions. Implement access control and auditing.",0
"Implement a comprehensive testing framework. Add various types of tests and coverage reporting.",0
"Enhance the application's caching system. Add distributed caching and invalidation.",0
"Improve the search functionality. Add advanced search options and result ranking.",0
"Add a system for managing and tracking system updates. Implement version control and rollback.",0
"Enhance the application's error reporting. Add error tracking and notification systems.",0
"Implement a data validation framework. Add input sanitization and validation rules.",0
"Improve the user authentication system. Add multi-factor authentication and security policies.",0
"Add a system for managing and tracking user activity. Implement activity logging and analytics.",0
"Enhance the application's documentation. Add comprehensive API documentation and user guides.",0
"Implement a performance monitoring system. Add metrics collection and optimization.",0
"Improve the backup and recovery process. Add automated scheduling and restoration.",0
"Add a system for managing and tracking system resources. Implement resource optimization.",0
"Enhance the application's notification system. Add notification preferences and delivery methods.",0
"Implement a security framework. Add encryption and secure communication protocols.",0
"Improve the user interface with better navigation. Add responsive design and mobile support.",0
"Add a system for managing and tracking user feedback. Implement feedback collection and analysis.",0
"Enhance the application's logging capabilities. Add log rotation and search functionality.",0
"Implement a data management system. Add validation and integrity checking mechanisms.",0
"Improve the system's scalability. Add load balancing and resource allocation strategies.",0
"Add a system for managing and tracking user sessions. Implement session security and timeout.",0
"Enhance the application's error handling. Add graceful degradation and recovery.",0
"Implement a search optimization system. Add advanced filtering and sorting capabilities.",0
"Improve the data import and export process. Add support for multiple formats and validation.",0
"Add a system for managing and tracking user roles. Implement access control and auditing.",0
"Enhance the application's monitoring capabilities. Add performance metrics and alerting.",0
"Implement a security enhancement system. Add protection against common vulnerabilities.",0
"Improve the user interface with better accessibility. Add keyboard navigation and screen reader support.",0
"Add a system for managing and tracking system resources. Implement resource monitoring and optimization.",0
"Improve the backup system. Add automated scheduling and restoration.",0
"Add a logging enhancement solution. Implement structured logging and analysis capabilities.",0
"Enhance the data validation. Add sanitization and rules.",0
"Implement a permission management system. Add access control.",0
"Improve the testing system. Add coverage and reporting.",0
"Add a caching optimization solution. Implement distributed caching.",0
"Enhance the search functionality. Add filtering and ranking.",0
"Implement an update management framework. Add version control.",0
"Improve the error reporting. Add tracking and notifications.",0
"Add a data management solution. Implement validation and integrity.",0
"Implement a data management enhancement framework. Add validation and integrity.",0
"Add a user preference management solution. Implement settings synchronization and customization.",0
"Enhance the application's performance monitoring. Add real-time tracking and optimization.",0
"Implement a system health monitoring framework. Add automated checks and alerts.",0
"Improve the application's security measures. Add protection against vulnerabilities.",0
"Add a data backup and recovery solution. Implement scheduling and restoration.",0
"Enhance the user interface accessibility. Add assistive technology support.",0
"Implement a session management framework. Add timeout and recovery handling.",0
"Improve the error handling system. Add better messages and recovery.",0
"Add a comprehensive logging solution. Implement structured logging and analysis.",0
"Enhance the data import and export system. Add format support and validation.",0
"Implement a role-based access control framework. Add permission management.",0
"Improve the testing infrastructure. Add coverage and reporting tools.",0
"Add a distributed caching solution. Implement invalidation and optimization.",0
"Enhance the search functionality. Add filtering and result ranking.",0
"Implement a version control system. Add rollback and tracking capabilities.",0
"Improve the error reporting framework. Add tracking and notifications.",0
"Add a data validation solution. Implement sanitization and rules.",0
"Enhance the authentication system. Add multi-factor authentication.",0
"Implement an activity tracking framework. Add logging and analytics.",0
"Improve the documentation system. Add guides and API references.",0
"Add a performance monitoring solution. Implement metrics and optimization.",0
"Enhance the backup system. Add scheduling and restoration.",0
"Implement a resource management framework. Add optimization and monitoring.",0
"Improve the notification system. Add preferences and delivery methods.",0
"Add a security enhancement solution. Implement encryption and protocols.",0
"Enhance the user interface. Add responsive design and mobile support.",0
"Implement a feedback management framework. Add collection and analysis.",0
"Improve the logging system. Add rotation and search capabilities.",0
"Add a data management solution. Implement validation and checking.",0
"Enhance the system's scalability. Add load balancing and allocation.",0
"Implement a session handling framework. Add timeout and recovery.",0
"Improve the error handling. Add graceful degradation and recovery.",0
"Add a search optimization solution. Implement filtering and sorting.",0
"Enhance the data import and export process. Add format support and validation.",0
"Implement a role management framework. Add access control and auditing.",0
"Improve the monitoring system. Add metrics and alerting.",0
"Add a security enhancement solution. Implement vulnerability protection.",0
"Enhance the user interface. Add navigation and screen reader support.",0
"Implement a resource management framework. Implement monitoring and optimization.",0
"Improve the backup system. Add automated scheduling and restoration.",0
"Add a logging enhancement solution. Implement structured logging and analysis.",0
"Enhance the data validation. Add sanitization and rules.",0
"Implement a permission management framework. Add access control.",0
"Improve the testing framework. Add coverage and reporting capabilities.",0
"Add a caching optimization solution. Implement distributed caching.",0
"Enhance the search functionality. Add filtering and result ranking.",0
"Implement an update management framework. Add version control.",0
"Improve the error reporting. Add tracking and notifications.",0
"Add a data management solution. Implement validation and integrity.",0
"Implement a user preference management system. Add settings synchronization and customization options.",0
"Enhance the application's performance tracking. Add real-time monitoring and optimization capabilities.",0
"Add a comprehensive system health monitoring solution. Implement automated checks and alerting.",0
"Improve the application's security infrastructure. Add protection against common vulnerabilities.",0
"Implement a robust data backup system. Add automated scheduling and recovery procedures.",0
"Enhance the user interface accessibility. Add support for various assistive technologies.",0
"Add a secure session management solution. Implement timeout handling and recovery.",0
"Improve the application's error handling. Add better error messages and recovery procedures.",0
"Implement a comprehensive logging framework. Add structured logging and analysis.",0
"Enhance the data import and export functionality. Add support for various formats and validation.",0
"Add a role-based access control solution. Implement permission management and auditing.",0
"Improve the application's testing infrastructure. Add comprehensive coverage and reporting.",0
"Implement a distributed caching system. Add invalidation and optimization strategies.",0
"Enhance the search functionality with advanced filtering. Add result ranking and sorting options.",0
"Add a version control system for updates. Implement rollback and tracking capabilities.",0
"Improve the error reporting framework. Add tracking and notification systems.",0
"Implement a data validation solution. Add input sanitization and validation rules.",0
"Enhance the user authentication system. Add multi-factor authentication and security.",0
"Add an activity tracking solution. Implement logging and analytics capabilities.",0
"Improve the application's documentation. Add comprehensive guides and API references.",0
"Implement a performance monitoring system. Add metrics collection and optimization.",0
"Enhance the backup and recovery process. Add automated scheduling and restoration.",0
"Add a resource management solution. Implement optimization and monitoring capabilities.",0
"Improve the notification system. Add preference management and delivery methods.",0
"Implement a security enhancement framework. Add encryption and secure protocols.",0
"Enhance the user interface navigation. Add responsive design and mobile support.",0
"Add a feedback management solution. Implement collection and analysis capabilities.",0
"Improve the logging system. Add rotation and search functionality.",0
"Implement a data management solution. Add validation and integrity checking.",0
"Enhance the system's scalability. Add load balancing and allocation.",0
"Implement a session handling framework. Add timeout and recovery.",0
"Improve the error handling. Add graceful degradation and recovery.",0
"Add a search optimization solution. Implement advanced filtering and sorting.",0
"Enhance the data import and export process. Add format support and validation.",0
"Implement a user role management framework. Add access control and auditing.",0
"Improve the monitoring system. Add performance metrics and alerting.",0
"Implement a security enhancement solution. Add vulnerability protection.",0
"Enhance the user interface accessibility. Add navigation and screen reader support.",0
"Add a resource management framework. Implement monitoring and optimization.",0
"Improve the backup system. Add automated scheduling and restoration.",0
"Implement a logging enhancement solution. Add structured logging and analysis.",0
"Enhance the data validation process. Add sanitization and validation rules.",0
"Add a permission management system. Implement access control and auditing.",0
"Improve the testing framework. Add coverage and reporting capabilities.",0
"Implement a caching optimization solution. Add distributed caching and invalidation.",0
"Enhance the search functionality. Add filtering and result ranking.",0
"Add a system update management solution. Implement version control and rollback.",0
"Improve the error reporting system. Add tracking and notification capabilities.",0
"Implement a data management enhancement framework. Add validation and integrity.",0
"Implement a data management enhancement framework. Add validation and integrity.",0
"Add a user preference management solution. Implement settings synchronization and customization options.",0
"Enhance the application's performance monitoring. Add real-time metrics and optimization capabilities.",0
"Implement a comprehensive system health monitoring framework. Add automated checks and alerting.",0
"Improve the application's security measures. Add protection against common vulnerabilities.",0
"Add a robust data backup solution. Implement automated scheduling and recovery procedures.",0
"Enhance the user interface accessibility features. Add support for various assistive technologies.",0
"Implement a secure session management framework. Add timeout handling and recovery mechanisms.",0
"Improve the application's error handling system. Add better error messages and recovery procedures.",0
"Add a comprehensive logging solution. Implement structured logging and analysis capabilities.",0
"Enhance the data import and export functionality. Add support for various formats and validation.",0
"Implement a role-based access control framework. Add permission management and auditing.",0
"Improve the application's testing infrastructure. Add comprehensive coverage and reporting.",0
"Add a distributed caching solution. Implement invalidation and optimization strategies.",0
"Enhance the search functionality with advanced filtering. Add result ranking and sorting options.",0
"Implement a version control system for updates. Add rollback and tracking capabilities.",0
"Improve the error reporting framework. Add tracking and notification systems.",0
"Implement a data validation solution. Add input sanitization and validation rules.",0
"Enhance the user authentication system. Add multi-factor authentication and security.",0
"Add an activity tracking solution. Implement logging and analytics capabilities.",0
"Improve the application's documentation. Add comprehensive guides and API references.",0
"Implement a performance monitoring system. Add metrics collection and optimization.",0
"Enhance the backup and recovery process. Add automated scheduling and restoration.",0
"Add a resource management solution. Implement optimization and monitoring capabilities.",0
"Improve the notification system. Add preference management and delivery methods.",0
"Implement a security enhancement framework. Add encryption and secure protocols.",0
"Enhance the user interface navigation. Add responsive design and mobile support.",0
"Add a feedback management solution. Implement collection and analysis capabilities.",0
"Improve the logging system. Add rotation and search functionality.",0
"Implement a data management solution. Add validation and integrity checking.",0
"Enhance the system's scalability. Add load balancing and allocation.",0
"Implement a session handling framework. Add timeout and recovery.",0
"Improve the error handling. Add graceful degradation and recovery.",0
"Add a search optimization solution. Implement advanced filtering and sorting.",0
"Enhance the data import and export process. Add format support and validation.",0
"Implement a user role management framework. Add access control and auditing.",0
"Improve the monitoring system. Add performance metrics and alerting.",0
"Implement a security enhancement solution. Add vulnerability protection.",0
"Enhance the user interface accessibility. Add navigation and screen reader support.",0
"Add a resource management framework. Implement monitoring and optimization.",0
"Improve the backup system. Add automated scheduling and restoration.",0
"Implement a logging enhancement solution. Add structured logging and analysis.",0
"Enhance the data validation process. Add sanitization and validation rules.",0
"Add a permission management system. Implement access control and auditing.",0
"Improve the testing framework. Add coverage and reporting capabilities.",0
"Implement a caching optimization solution. Add distributed caching and invalidation.",0
"Enhance the search functionality. Add filtering and result ranking.",0
"Add an update management framework. Implement version control and rollback.",0
"Improve the error reporting system. Add tracking and notification capabilities.",0
"Implement a data management enhancement solution. Implement validation and integrity checks.",0
"Implement a user preference management framework. Add settings synchronization and customization options.",0
"Enhance the application's performance tracking system. Add real-time monitoring and optimization capabilities.",0
"Add a comprehensive system health monitoring solution. Implement automated checks and alerting mechanisms.",0
"Improve the application's security infrastructure. Add protection against common vulnerabilities and threats.",0
"Implement a robust data backup framework. Add automated scheduling and recovery procedures.",0
"Enhance the user interface accessibility features. Add support for various assistive technologies.",0
"Add a secure session management solution. Implement timeout handling and recovery mechanisms.",0
"Improve the application's error handling framework. Add better error messages and recovery procedures.",0
"Implement a comprehensive logging framework. Add structured logging and analysis capabilities.",0
"Enhance the data import and export functionality. Add support for various formats and validation.",0
"Add a role-based access control framework. Implement permission management and auditing.",0
"Improve the application's testing infrastructure. Add comprehensive coverage and reporting.",0
"Implement a distributed caching solution. Add invalidation and optimization strategies.",0
"Enhance the search functionality with advanced filtering. Add result ranking and sorting options.",0
"Add a version control system for updates. Implement rollback and tracking capabilities.",0
"Improve the error reporting framework. Add tracking and notification systems.",0
"Implement a data validation solution. Add input sanitization and validation rules.",0
"Enhance the user authentication system. Add multi-factor authentication and security.",0
"Add an activity tracking solution. Implement logging and analytics capabilities.",0
"Improve the application's documentation system. Add comprehensive guides and API references.",0
"Implement a performance monitoring solution. Add metrics collection and optimization.",0
"Enhance the backup and recovery process. Add automated scheduling and restoration.",0
"Add a resource management framework. Implement optimization and monitoring capabilities.",0
"Improve the notification system. Add preference management and delivery methods.",0
"Implement a security enhancement framework. Add encryption and secure protocols.",0
"Enhance the user interface navigation. Add responsive design and mobile support.",0
"Add a feedback management framework. Implement collection and analysis capabilities.",0
"Improve the logging system. Add rotation and search functionality.",0
"Implement a data management solution. Add validation and integrity checking.",0
"Enhance the system's scalability. Add load balancing and allocation.",0
"Implement a session handling framework. Add timeout and recovery.",0
"Improve the error handling. Add graceful degradation and recovery.",0
"Add a search optimization solution. Implement advanced filtering and sorting.",0
"Enhance the data import and export process. Add format support and validation.",0
"Implement a user role management framework. Add access control and auditing.",0
"Improve the monitoring system. Add performance metrics and alerting.",0
"Implement a security enhancement solution. Add vulnerability protection.",0
"Enhance the user interface accessibility. Add navigation and screen reader support.",0
"Add a resource management framework. Implement monitoring and optimization.",0
"Improve the backup system. Add automated scheduling and restoration.",0
"Implement a logging enhancement solution. Add structured logging and analysis.",0
"Enhance the data validation process. Add sanitization and validation rules.",0
"Add a permission management framework. Implement access control and auditing.",0
"Improve the testing system. Add coverage and reporting capabilities.",0
"Implement a caching optimization solution. Add distributed caching and invalidation.",0
"Enhance the search functionality. Add filtering and result ranking.",0
"Add an update management framework. Implement version control and rollback.",0
"Improve the error reporting system. Add tracking and notification capabilities.",0
"Implement a data management enhancement solution. Implement validation and integrity checks.",0 